object_id,Immediate Measures_tenders_awarded_value
101.0,9400036.4
112.0,23902519.0
114.0,5699232.0
132.0,2907192.5
139.0,9339319.66
145.0,9536685.45
147.0,17820157.0
150.0,58286527.1
163.0,11616068.99
166.0,24601127.950000003
170.0,20900000.0
178.0,98851037.77000001
198.0,52499800.0
207.0,11431588.0
219.0,17070767.41
251.0,6144826.02
270.0,13157578.28
276.0,11599181.0
281.0,21848409.0
