object_id,Preparedness Measures_tenders_awarded_value
112.0,63580973.84
122.0,183514096.4
130.0,10961711.0
139.0,33339054.08
145.0,100085400.0
146.0,32189640.15
159.0,117581899.5
175.0,46857406.03
185.0,64129982.83
189.0,141717573.64000002
190.0,110105283.92999999
195.0,74710241.99
219.0,19660231.0
226.0,73752954.63
228.0,82785301.69
238.0,26784679.17
249.0,38491149.53
276.0,246923252.96
