object_id,total_tender_awarded_value
101.0,35738795.86
103.0,13193625.370000001
122.0,27542204.0
134.0,1960879.7
146.0,35286355.0
150.0,14774680.12
195.0,37859413.44
205.0,7078000.42
207.0,4008815.1100000003
216.0,12283000.0
219.0,82322030.0
221.0,997402.0
230.0,8987782.94
234.0,8989359.17
237.0,1591918.2
245.0,3980844.5
246.0,92785119.94
261.0,4992972.15
262.0,25927274.049999997
270.0,1491254.5
272.0,372659536.0
