object_id,total_tender_awarded_value
104.0,25982273.2
122.0,18947146.0
139.0,25899406.369999997
150.0,15593354.0
156.0,107649776.36
162.0,30299000.0
166.0,55794563.03
170.0,13250753.0
173.0,14498538.1
175.0,0.0
185.0,15971623.0
186.0,99944437.0
189.0,13517094.03
190.0,39646164.989999995
210.0,30585600.0
219.0,18065784.0
226.0,25013189.0
251.0,58876000.0
262.0,19757464.0
267.0,7388703.0
269.0,8213583.51
272.0,7895813.0
281.0,57612132.0
