object_id,total_tender_awarded_value
104.0,19332352.2
115.0,12076121.75
122.0,337889454.59000003
128.0,16396162.32
134.0,369120562.05
156.0,24999985.0
159.0,7785440.0
160.0,26874847.59
162.0,60527901.0
163.0,63234893.74
189.0,33038351.47
211.0,98823079.01
219.0,375350501.45
226.0,213959215.41
231.0,5292246.61
239.0,132483521.05000001
246.0,24439870.0
247.0,5285943.0
262.0,112688153.61
267.0,14173401.23
276.0,154683183.74
